✅,2022,"https://www.goldenpin.org.tw/en/project/yi-chang-ming-pien-portable-printing-press-2/"
✅,2022,"https://www.thekeencollection.org/artworks/categories/11/"
✅,2022,"https://restofworld.org/2020/faladdin-turkey-coffee-fortune/"
✅,2021,"https://www.goldengate.org/bridge/history-research/bridge-features/color-art-deco-styling/"
✅,2021,"https://eyeondesign.aiga.org/discover-the-typography-of-your-city-with-the-big-letter-hunt/"
✅,2021,"https://www.typographicposters.com/"
✅,2021,"http://simmonscollection.com/posters.cfm"
✅,2021,"https://www.city.kobe.lg.jp/information/public/online/onehundred-scenes/index.html"
❌,2021,"https://www.sprouls.com/blog/2012/10/stipple-portraits-wsj-hedcut-style/"
✅,2021,"https://architectureandfilm.com/"
✅,2021,"http://www.evelinkasikov.com/XXXX-Swatchbook"
✅,2021,"https://atlantic-cable.com/Souvenirs/1858Ads/"
✅,2021,"https://violainebuet.com/home-en/#actualites"
✅,2021,"https://origamisimulator.org/"
✅,2021,"https://github.com/mmulet/code-relay/blob/main/markdown/HowIDidIt.md"
✅,2021,"https://tbeltramelli.medium.com/the-ultimate-guide-to-pricing-your-saas-startup-with-data-8ddfa3d73bd0"
✅,2021,"https://openaddresses.io/"
✅,2021,"http://www.algaelab.org/"
✅,2020,"https://medium.com/nightingale/writing-alt-text-for-data-visualization-2a218ef43f81"
✅,2020,"https://www.judgingmachines.com/"
✅,2020,"https://paynterjacket.com/"
✅,2020,"https://www.foundingsales.com/"
✅,2020,"https://www.dorchester-industries.com/"
✅,2020,"https://medium.com/swlh/the-silent-meeting-manifesto-v1-189e9e3487eb"
✅,2020,"https://mars.nasa.gov/insight/weather/"
✅,2020,"https://blogs.gov.scot/digital/2018/07/05/sex-and-or-gender-working-together-to-get-the-question-right/"
✅,2020,"https://www.si.edu/openaccess"
✅,2020,"https://useless.london/kit"
✅,2020,"https://onym.co/"
✅,2020,"https://www.atlasobscura.com/articles/mississippi-river-ribbon-map"
✅,2020,"https://www.atlasobscura.com/articles/salt-ponds-from-above"
✅,2020,"https://www.fastcompany.com/90169654/two-fascinating-things-salesforce-discovered-when-it-studied-color?partner=feedburner"
✅,2020,"http://www.bbc.com/culture/story/20180419-the-shady-past-of-the-colour-pink"
✅,2020,"https://jardinsdesfleurs.com/"
✅,2020,"https://slitscan.space/"
✅,2020,"https://openpressproject.com/"
✅,2019,"https://killedbygoogle.com/"
✅,2019,"http://artbreeder.com/"
✅,2019,"http://www.logobook.com/"
✅,2019,"https://thebeautyoftransport.com/"
✅,2019,"https://amino.bio/"
✅,2019,"https://civicdesign.org/fieldguides/"
✅,2019,"https://colorleap.app/home"
✅,2019,"https://shkspr.mobi/blog/2019/03/why-bother-with-what-three-words/"
✅,2019,"https://oslo.tank.no/knot-home"
✅,2019,"https://patterninislamicart.com/"
✅,2019,"https://www.colorbox.io/"
✅,2018,"http://immersivemath.com/ila/index.html"
✅,2018,"https://23.itch.io/palladio"
✅,2017,"https://eagereyes.org/blog/2017/the-importance-of-context"
✅,2017,"http://www.trappist.one/#"
✅,2017,"http://patterninislamicart.com/"
✅,2017,"http://mashable.com/2017/01/19/grand-theft-auto-revenge/#2yVZaTtr95qS"
✅,2016,"https://mapoflondon.uvic.ca/agas.htm"
❌,2016,"http://exupero.org/hazard/post/islands/"
✅,2016,"http://www.genekogan.com/works/style-transfer.html"
✅,2016,"http://www.raubdruckerin.de/"
✅,2016,"http://mewo2.com/notes/terrain/"
✅,2016,"http://www.mountimprobable.com/"
✅,2016,"http://www.seriouseats.com/2016/05/how-to-make-caramel-without-melting-sugar.html"
❌,2016,"https://julianoliver.com/output/log_2015-12-18_14-39"
✅,2016,"http://madebycooper.co.uk/"
❌,2015,"http://alexanderjamesbackcatalogue.com/searchresults.php?keyword=taxi"
✅,2015,"http://tamahive.spritesserver.nl/"
✅,2015,"http://www.refold.co/?themoderndesk#about"
✅,2015,"http://www.1972municholympics.co.uk/"
✅,2015,"http://topodesigns.com/collections/bags"
✅,2015,"http://fathom.info/mirador/"
✅,2015,"http://erikdemaine.org/fonts/conveyer/?text=Neatorama"
❌,2015,"http://psiupuxa3.webflow.io/"
✅,2015,"http://mattg.co.uk/words/noaa_sdr/"
✅,2015,"http://blog.algorithmia.com/post/124542129914/mining-product-hunt-detecting-vote-rings"
✅,2015,"http://www.nickkolenda.com/negotiation-tactics/"
✅,2015,"http://mandific.com/"
❌,2015,"http://research.neustar.biz/2014/09/15/riding-with-the-stars-passenger-privacy-in-the-nyc-taxicab-dataset/"
✅,2015,"http://smallpdf.com/"
✅,2015,"http://www.industrialfacility.co.uk/"
✅,2015,"http://whatdoesmysitecost.com/"
✅,2015,"http://www.pumpipumpe.ch/sticker-bestellen/"
✅,2015,"http://aftertheflood.co/projects/london-squared-map"
✅,2015,"http://ministryofsupply.com/"
✅,2015,"http://4ourth.com/TouchTemplate/"
✅,2015,"http://mapoflondon.uvic.ca/dev/agas.htm"
✅,2015,"http://www.mycoworks.com/"
✅,2015,"http://css.csail.mit.edu/cryptdb/#Software"
✅,2015,"https://www.mjt.me.uk/posts/falsehoods-programmers-believe-about-addresses/"
✅,2015,"http://www.totohealth.org/getinvolved"
✅,2014,"http://www.experimentcalculator.com/"
✅,2014,"http://io9.com/your-new-desktop-wallpaper-a-gorgeous-exploratory-soil-1645225406"
✅,2014,"http://www.wardleymaps.com/"
✅,2014,"https://mailtrap.io/"
✅,2014,"http://bl.ocks.org/mbostock/5577023"
✅,2014,"http://daringfireball.net/2013/01/retina_favicons"
✅,2014,"http://www.creativebloq.com/html5/build-tile-based-html5-game-31410992"
✅,2014,"http://www.eseye.com/"
✅,2014,"http://boingboing.net/2014/08/25/how-to-get-a-figurine-produced.html"
✅,2014,"https://github.com/papertrail/legal-docs"
✅,2014,"http://www.vobam.se/"
✅,2014,"http://questionsomething.wordpress.com/2012/07/26/databending-using-audacity-effects/"
✅,2014,"http://orbis.stanford.edu/"
✅,2014,"http://get.carrotsearch.com/foamtree/demo/"
✅,2014,"http://www.ykra.net/"
✅,2014,"https://medium.com/@mattjlew/dear-ticketmaster-271977289b41"
✅,2014,"http://incandescentcloud.com/"
✅,2014,"http://www.oshermaps.org/MapPlay/monster-map.html#"
✅,2014,"http://www.useronboard.com/onboarding-teardowns/"
✅,2014,"http://satsuki.co/fondueslipper.html"
✅,2014,"http://mbtaviz.github.io/"
✅,2014,"http://www.evilmadscientist.com/2012/stipplegen2/"
✅,2014,"http://julianoliver.com/output/log_2014-05-30_20-52"
✅,2014,"http://consola.org/"
✅,2014,"http://enchroma.com/"
✅,2014,"http://www.creating-ebooks.com/"
✅,2014,"http://www.getcreditcardnumbers.com/"
✅,2014,"http://www.bahai.us/"
✅,2014,"http://openxcplatform.com/"
✅,2014,"https://speakerdeck.com/mattedgar/useful-robots"
✅,2014,"http://libcloud.apache.org/"
✅,2014,"http://www.contiki-os.org/"
❌,2014,"http://www.gsd.harvard.edu/gis/manual/style/ColorConventions.pdf"
❌,2014,"http://torggler.co.at/main/systems%20Kopie%204.html"
✅,2014,"http://sigmajs.org/"
✅,2014,"http://genspace.org/"
✅,2014,"http://www.kimonolabs.com/"
❌,2013,"http://probcomp.csail.mit.edu/bayesdb/"
✅,2013,"http://labs.cooperhewitt.org/2013/default-sort-or-what-would-shannon-do/"
✅,2013,"https://github.com/sloria/textblob"
❌,2013,"http://www.awsnow.info/"
✅,2013,"http://github.hubspot.com/offline/docs/welcome/"
✅,2013,"http://madebymany.github.io/sir-trevor-js/"
✅,2013,"http://instantpredict.com/"
❌,2013,"http://occupyhere.org/"
✅,2013,"http://blogs.wcode.org/2013/09/howto-boot-your-raspberry-pi-into-a-fullscreen-browser-kiosk/"
✅,2013,"http://jlord.github.io/sheetsee.js/"
✅,2013,"http://goldfirestudios.com/blog/104/howler.js-Modern-Web-Audio-Javascript-Library"
✅,2013,"http://www.gerdarntz.org/"
✅,2013,"https://github.com/wikimedia/limn#readme"
✅,2013,"http://ludei.com/"
✅,2013,"http://www.lakercompendium.com/"
✅,2013,"http://geocoder-php.org/"
✅,2013,"http://www.cockos.com/licecap/"
✅,2013,"http://www.krugozor-kolobok.ru/"
✅,2013,"http://chir.ag/projects/ntc/"
✅,2013,"http://csvkit.readthedocs.org/en/latest/"
✅,2013,"http://hystericalmarissa.blogspot.in/2010/08/go-where-sex-gender-and-toilets.html"
✅,2013,"https://www.transifex.com/"
✅,2013,"https://blog.heroku.com/archives/2013/3/19/log2viz"
✅,2013,"http://www.chartjs.org/"
✅,2013,"http://djangosuit.com/"
✅,2013,"http://andybromberg.com/sentiment-analysis-python/"
✅,2013,"http://lukr.rvk.is/gjaldfrjals_gogn/index.htm"
✅,2013,"http://davidseah.com/productivity-tools/"
✅,2012,"http://www.cardsagainsthumanity.com/holidaystats/"
❌,2012,"http://www.codeautomat.com/"
✅,2012,"http://votamatic.org/"
❌,2012,"http://www.tohave-and-tohold.co.uk/"
✅,2012,"http://www.autonlab.org/tutorials/"
✅,2012,"http://charlesleifer.com/blog/using-python-and-k-means-to-find-the-dominant-colors-in-images/"
✅,2012,"http://www.doughglobe.com/"
✅,2012,"https://gist.github.com/3888345"
✅,2012,"http://recurly.com/"
❌,2012,"http://matthias.vallentin.net/probability-and-statistics-cookbook/"
❌,2012,"http://bradfrost.github.com/this-is-responsive/patterns.html"
✅,2012,"http://scriptographer.org/"
✅,2012,"http://www.footoscope.com/"
✅,2012,"http://civicdesigning.org/fieldguides/"
✅,2012,"http://www.maxmind.com/app/worldcities"
✅,2012,"http://bareconductive.com/light-up-paper-houses"
✅,2012,"http://www.jasondavies.com/primos/"
✅,2012,"http://www.12factor.net/"
✅,2012,"http://www.lukew.com/ff/entry.asp?1579"
✅,2012,"http://worldsamazinginformation.blogspot.ca/2011/12/400000-black-balls-save-los-angeles.html"
✅,2012,"http://www.nejm.org/doi/full/10.1056/NEJMp1113569"
✅,2012,"http://www.thehinglishproject.com/"
✅,2012,"http://brankic1979.com/icons/"
✅,2012,"http://www.speednoisemovement.com/iioc/"
✅,2012,"http://persquaremile.com/2012/05/17/urban-trees-reveal-income-inequality/"
✅,2012,"http://stevehanov.ca/blog/index.php?id=132"
✅,2012,"http://www.cymbolism.com/"
✅,2012,"http://mrsy.mods.jp/wp/"
✅,2012,"http://fatfonts.org/"
❌,2012,"http://people.ericson.net/"
✅,2012,"http://iotic.com/averia/"
✅,2012,"http://www.patrick-wied.at/static/heatmapjs/"
✅,2012,"http://blog.getprismatic.com/blog/2012/4/17/clustering-related-stories.html"
✅,2012,"http://hint.fm/wind/"
❌,2012,"http://www.pumpkinpirate.info/flattery/"
✅,2012,"http://emojicons.com/"
✅,2012,"http://kartograph.org/"
❌,2012,"http://nsfmc.github.com/chartjunk/"
✅,2012,"http://www.levitated.net/daily/lev9block.html"
✅,2012,"http://humblesoftware.com/flotr2/"
✅,2012,"http://www.jmir.org/2011/4/e123/"
❌,2012,"http://code.google.com/p/maui-indexer/"
✅,2012,"http://www.svincent.com/MagicJar/Economics/MedievalOccupations.html"
✅,2012,"http://hellohappy.org/beautiful-web-type/"
✅,2012,"http://andrewsalomone.com/blog/2011/09/06/the-amen-break-scarf/"
✅,2012,"http://www.wikihouse.cc/"
✅,2012,"http://code.google.com/p/hydrat/"
✅,2012,"http://www.bbc.co.uk/news/magazine-16444966"
✅,2012,"http://impactjs.com/"
✅,2012,"http://shopperception.com/"
✅,2012,"http://www.orgnet.com/slumlords.html"
✅,2012,"http://www.qarl.com/qLab/?p=77"
✅,2011,"http://truthy.indiana.edu/"
❌,2011,"http://code.google.com/p/factorie/"
✅,2011,"http://www.clips.ua.ac.be/pages/pattern"
✅,2011,"http://waffles.sourceforge.net/"
✅,2011,"http://www.ui-transitions.com/#home"
✅,2011,"http://www.trefis.com/"
✅,2011,"http://www.leancrew.com/all-this/2011/11/i-hate-stacked-area-charts/"
✅,2011,"http://automatedinsights.com/"
✅,2011,"http://candychang.com/"
✅,2011,"http://itsbeenreal.co.uk/index.php?/new/11-x-series/"
✅,2011,"http://www.kmjn.org/notes/soviet_gamification.html"
✅,2011,"http://nrkbeta.no/2009/12/18/bergensbanen-eng/"
❌,2011,"http://wikipedia-miner.cms.waikato.ac.nz/index.html"
✅,2011,"http://peep.sourceforge.net/intro.html"
✅,2011,"http://thenounproject.com/"
❌,2011,"http://developer.urbanmapping.com/"
✅,2011,"http://a.wholelottanothing.org/2011/03/north-america-western-europe-equivalent-latitude-maps.html"
❌,2011,"http://awesome.good.is/features/011/Wanderlust/index.html"
✅,2011,"http://www.nordgen.org/sgsv/"
✅,2011,"http://crowdflow.net/"
✅,2011,"http://openpcr.org/"
✅,2011,"http://worrydream.com/KillMath/"
✅,2011,"http://johnmacfarlane.net/pandoc/"
✅,2011,"http://www.movable-type.co.uk/scripts/latlong.html"
✅,2011,"http://seasteading.org/"
✅,2011,"http://charliepark.org/slopegraphs/"
✅,2011,"http://code.google.com/p/parsedatetime/"
✅,2011,"http://www.slideshare.net/jeffreybreen/r-by-example-mining-twitter-for"
✅,2011,"http://pinktentacle.com/2011/04/namazu-e-earthquake-catfish-prints/"
✅,2011,"http://colorschemedesigner.com/#"
✅,2011,"http://oicweave.org/"
✅,2011,"http://www.sizeofbelgium.com/"
✅,2011,"http://www.stadtkreation.com/urbangeofiction/en/"
✅,2011,"http://www-cs-students.stanford.edu/~amitp/game-programming/polygon-map-generation/"
✅,2011,"http://www.fulltable.com/"
✅,2011,"http://www.mapnificent.net/london/#/?lat0=51.4945146&lng0=-0.146578&t0=15"
✅,2011,"http://www.openyou.org/2011/02/21/libfitbit/"
✅,2011,"http://www.metafilter.com/104461/See-Different"
✅,2011,"http://css-tricks.com/responsive-data-tables/"
✅,2011,"http://efele.net/maps/tz/world/"
✅,2011,"http://www.freedom-to-tinker.com/blog/wclarkso/new-research-result-bubble-forms-not-so-anonymous"
✅,2011,"http://typestack.com/uncategorized/where-the-cold-wind-blows/"
✅,2011,"http://twolivesleft.com/dev/the-cool-effect-that-no-one-noticed/"
✅,2011,"http://www.patchworknation.org/"
✅,2011,"http://www.visionofbritain.org.uk/"
✅,2011,"http://dribbble.com/shots/166246-My-Secret-for-Color-Schemes"
✅,2011,"http://thecosbysweaterproject.tumblr.com/"
❌,2011,"http://leaflet.cloudmade.com/"
✅,2011,"http://thisisntfuckingdalston.co.uk/"
✅,2011,"http://research.yahoo.com/node/3503"
✅,2011,"http://www.ibm.com/developerworks/aix/tutorials/au-writersworkbench/index.html"
✅,2011,"http://www.splunk.com/"
✅,2011,"http://cvdazzle.com/"
✅,2011,"http://www.chokkan.org/software/simstring/"
✅,2011,"http://libots.sourceforge.net/"
❌,2011,"http://mcleodbutterflies.com/"
❌,2011,"http://1159sequoia05.fnr.purdue.edu/"
✅,2011,"http://www.bbc.co.uk/news/uk-12301465"
✅,2011,"http://www.narrativescience.com/"
❌,2011,"http://vanessalam.net/clui.html"
✅,2011,"http://behind-the-enemy-lines.blogspot.com/2011/04/want-to-improve-sales-fix-grammar-and.html"
✅,2011,"http://www.nicholastam.ca/2011/04/18/here-be-cartographers-reading-the-fantasy-map/"
❌,2011,"http://comicalconcept.com/illustrations/make-it-tso"
✅,2011,"http://bakerframework.com/"
✅,2011,"http://www.cleveralgorithms.com/"
❌,2011,"http://www.datasciencetoolkit.org/"
✅,2011,"http://www.shapeways.com/"
❌,2011,"http://cluedb.com/"
✅,2011,"http://vis.stanford.edu/papers/narrative"
✅,2011,"http://www.darkroastedblend.com/2011/03/radical-screw-propelled-vehicles.html"
✅,2011,"http://youarelistening.to/"
✅,2011,"http://brooksreview.net/2011/03/fragility-free/"
✅,2011,"http://www.concordia.ca/now/what-we-do/research/20110307/identifying-anonymous-email-authors.php"
✅,2011,"http://www.hellofax.com/"
✅,2011,"http://churnalism.com/"
❌,2011,"http://www.neilkodner.com/2011/02/visualizations-of-canabalt-scores-scraped-from-twitter/"
✅,2011,"http://anthologize.org/"
✅,2011,"http://www.epagogix.com/"
❌,2011,"http://www.dataists.com/2011/02/best-boxes-in-a-super-bowl-pool/"
✅,2011,"http://www.damninteresting.com/this-place-is-not-a-place-of-honor"
✅,2011,"http://www.research.ibm.com/dx/proceedings/pravda/truevis.htm"
✅,2011,"http://blog.chenalexander.com/2011/conductor-mta/"
✅,2011,"http://republicofletters.stanford.edu/"
✅,2011,"http://www.motoi.biz/english/e_top/e_top.html"
✅,2011,"http://englishrussia.com/index.php/2010/12/12/world-of-soviet-groceries/"
✅,2011,"http://citycrawlers.eu/berlin/"
✅,2011,"http://journal.benbashford.com/post/2848763029"
❌,2011,"http://www.abyssandapex.com/200710-wikihistory.html"
❌,2011,"http://showshowroom.co/"
✅,2011,"http://www.alistapart.com/articles/a-simpler-page/"
✅,2011,"http://legault.perso.sfr.fr/eclipse110104_solar_transit.html"
✅,2011,"http://weburbanist.com/2010/12/29/stop-look-and-love-8-redesigns-of-classic-traffic-lights/"
✅,2011,"http://blogs.discovermagazine.com/notrocketscience/2010/12/16/the-cultural-genome-google-books-reveals-traces-of-fame-censorship-and-changing-languages/"
✅,2011,"http://welikia.org/"
✅,2010,"http://www.multicians.org/thvv/borges-animals.html"
✅,2010,"http://opencorporates.com/"
✅,2010,"http://pinboard.in/u:briansuda"
✅,2010,"http://www.vmime.org/"
✅,2010,"http://iosfonts.com/"
✅,2010,"http://dancewalks.blogg.se/2010/august/1424-m-in-reykjavik-1.html"
❌,2010,"http://bison.ph.bham.ac.uk/sounds/solarsounds.html"
✅,2010,"http://www.wordloosed.com/running-yahoo-pipes-on-google-app-engine"
❌,2010,"http://blog.semisecretsoftware.com/tuning-canabalt"
✅,2010,"http://www.danlockton.com/dwi/Main_Page"
✅,2010,"http://www.foreignpolicy.com/articles/2010/06/07/the_twitter_revolution_that_wasnt"
✅,2010,"http://samy.pl/evercookie/"
✅,2010,"http://www.humantransit.org/2010/09/chicago-a-draft-frequent-network-map.html"
✅,2010,"http://evilmadscience.com/tinykitlist/171-egg-bot"
✅,2010,"http://www.ponoko.com/"
❌,2010,"http://bm2.genes.nig.ac.jp/RGM2/R_current/library/aplpack/man/faces.html"
✅,2010,"http://chdk.wikia.com/wiki/CHDK"
✅,2010,"http://www.tomscott.com/warnings/"
✅,2010,"http://closure-compiler.appspot.com/home"
✅,2010,"http://www.nolo.com/"
✅,2010,"http://www.performable.com/calculator/"
✅,2010,"http://blog.amirkhella.com/2010/06/16/how-to-prototype-interactive-ipad-applications-in-30-minutes-or-less-using-apple-keynote/"
❌,2010,"http://maposmatic.org/"
✅,2010,"http://www.blambot.com/grammar.shtml"
✅,2010,"http://www.behance.net/gallery/Express-Newspaper/559470"
✅,2010,"http://www.lib.utexas.edu/maps/historical/st_louis_1885.jpg"
✅,2010,"http://www.artlebedev.com/everything/metro/map/process/"
❌,2010,"http://threepress.org/document/epub-validate/"
❌,2010,"http://www.dextrose.com/en/projects/aves-engine"
✅,2010,"http://darriulfsson.com/"
✅,2010,"http://get-tedpad.com/"
✅,2010,"http://www.wired.com/gadgets/digitalcameras/magazine/15-07/st_nascar"
✅,2010,"http://www.kesiev.com/akihabara/"
✅,2010,"http://www.guardian.co.uk/lifeandstyle/wordofmouth/2010/apr/20/consider-the-scotch-egg"
✅,2010,"http://www.woodenbooks.com/browse/index.php"
✅,2010,"http://www.maptube.org/"
✅,2010,"http://code.google.com/p/epubcheck/"
✅,2010,"http://tulip.labri.fr/TulipDrupal/"
✅,2010,"http://tamlyn.org/2009/10/designing-a-better-payslip/"
❌,2010,"http://www.fluid-forms.com/design-your-own/streets-clock-personalized-wall-clock"
✅,2010,"http://www.ecotopia.com/webpress/futures.htm"
❌,2010,"http://www.rethinkcommunications.com/rethink-news/opinion/2010-02-23"
✅,2010,"http://code.google.com/p/gheat/"
✅,2010,"http://middlesavagery.wordpress.com/2008/03/01/tactile-maps-and-imaginary-geographies/"
✅,2010,"http://unfoldfab.blogspot.com/2010/02/futures-here-baby-first-successfully.html"
✅,2010,"http://i.imgur.com/KIHcg.jpg"
✅,2010,"http://www.flatworldknowledge.com/"
✅,2010,"http://two.sentenc.es/"
✅,2010,"http://fanpageanalytics.com/countryprofiles.html#tab=citiestab_location=St.%20Louis,%20MO"
✅,2010,"http://petewarden.typepad.com/searchbrowser/2010/02/how-to-split-up-the-us.html"
✅,2010,"http://jilion.com/sublime/video"
❌,2010,"http://www.juliansmart.com/ecub"
❌,2010,"http://www.vanillusaft.com/"
✅,2010,"http://civiccenter.cc/"
✅,2010,"http://sciencenow.sciencemag.org/cgi/content/full/2010/121/1"
✅,2010,"http://www.romancortes.com/blog/pure-css-coke-can/"
✅,2010,"http://pinktentacle.com/2009/10/anatomy-of-japanese-folk-monsters/"
✅,2010,"http://www.thezoomablemap.com/"
✅,2010,"http://www.cheeseandburger.com/"
✅,2010,"http://mazurka.org.uk/"
❌,2010,"http://stat.latlon.org/is/latest/"
❌,2010,"http://www.barnabu.co.uk/"
✅,2010,"http://building-iphone-apps.labs.oreilly.com/index.html"
✅,2009,"http://bibliodyssey.blogspot.com/2009/12/victorian-infographics.html"
❌,2009,"http://piratepad.net/"
✅,2009,"http://www.b612foundation.org/"
❌,2009,"http://noticin.gs/"
❌,2009,"http://bvs.org.pt/view/viewPrincipal.php"
✅,2009,"http://bobulate.com/post/263593301/a-people-pattern"
✅,2009,"http://code.google.com/p/keynotetweet/"
✅,2009,"http://www.candychang.com/design/pages/tenant_flashcards.htm"
✅,2009,"http://samizdat.cc/cyoa/"
✅,2009,"http://moultano.blogspot.com/2009/11/google-can-generate-your-equations-for.html"
✅,2009,"http://informationarchitects.jp/tages-anzeiger-paper-redesign-pitch-lost/"
❌,2009,"http://blog.revolution-computing.com/2009/11/charting-time-series-as-calendar-heat-maps-in-r.html"
✅,2009,"http://www.datavisualization.ch/tools/13-javascript-libraries-for-visualizations"
✅,2009,"http://data.ordnancesurvey.co.uk/"
✅,2009,"http://www.designspongeonline.com/2009/09/new-repro-depot-book-interview.html"
❌,2009,"http://plusmood.com/2009/09/drive-in-automobile-museum-3gatti/"
✅,2009,"http://www.servicedesigntools.org/"
✅,2009,"http://wearecolorblind.com/"
❌,2009,"http://txt2re.com/index.php3?s=http%3A%2F%2Fwww.clara.is&submit=Show+Matches"
❌,2009,"http://www.ratsja.is/forsida/2009/09/twitter_og_facebook/"
✅,2009,"http://www.andyrutledge.com/gestalt-principles-1-figure-ground-relationship.php"
❌,2009,"http://newspaperclub.co.uk/"
✅,2009,"http://flare.prefuse.org/"
✅,2009,"http://hci.stanford.edu/jheer/"
✅,2009,"http://www.bunniestudios.com/blog/?p=353"
✅,2009,"http://www.informationisbeautiful.net/2009/swine-flu-latest-visualized/"
❌,2009,"http://www.jqtouch.com/"
✅,2009,"http://code.google.com/p/flot/"
❌,2009,"http://dashboard.imamuseum.org/"
❌,2009,"http://diagrammr.com/"
✅,2009,"http://dev.openstreetmap.org/~ojw/StaticMap/?lat=64.152257775&lon=-21.9493103028&z=16&layer=cloudmade_999&mode=Location&zoom_to_clicks=off&mlat0=64.1526881081&mlon0=-21.951391697&"
✅,2009,"http://pdfpirate.net/"
✅,2009,"http://typedia.com/"
✅,2009,"http://www.saxonica.com/papers/ideadb-1.1/mhk-paper.xml"
❌,2009,"http://txt2re.com/"
✅,2009,"http://gravityandlevity.wordpress.com/2009/07/08/your-body-wasnt-built-to-last-a-lesson-from-human-mortality-rates/"
✅,2009,"http://www.microsiervos.com/archivo/azar/loto-estrella.html"
✅,2009,"http://www.visual-literacy.org/periodic_table/periodic_table.html"
✅,2009,"http://www.nytimes.com/2009/08/03/opinion/03schott.html?_r=4&th&emc=th"
✅,2009,"http://www.hackerfactor.com/GenderGuesser.html#Analyze"
✅,2009,"http://www.subblue.com/"
✅,2009,"http://www.anychart.com/products/anychart/docs/users-guide/Pie-Donut.html"
✅,2009,"http://typographyapp.com/"
✅,2009,"http://rseek.org/"
✅,2009,"http://www.ushahidi.com/"
❌,2009,"http://labs.aljazeera.net/"
✅,2009,"http://snook.ca/technical/colour_contrast/colour.html"
✅,2009,"http://tomtaylor.co.uk/projects/clarke/"
❌,2009,"http://watercoolr.nuklei.com/"
✅,2009,"http://www.read-able.com/"
✅,2009,"http://bureauofcommunication.com/"
✅,2009,"http://www.entitycode.com/"
✅,2009,"http://www.gunn.co.nz/map/"
✅,2009,"http://seedmagazine.com/content/article/getting_past_the_pie_chart"
✅,2009,"http://spreedly.com/"
✅,2009,"http://www.mediacloud.org/"
✅,2009,"http://www.random.org/"
✅,2009,"http://www.theleagueofmoveabletype.com/"
✅,2009,"http://www.topatoco.com/merchant.mvc?Screen=CTGY&Store_Code=TO&Category_Code=ALLSHIRTS"
✅,2009,"http://www.ibm.com/developerworks/xml/library/x-eleatt.html"
✅,2009,"http://www.morenewmath.com/all/"
❌,2009,"http://blogama.org/node/58"
❌,2009,"http://goldenratiocalculator.com/"
✅,2009,"http://colorschemedesigner.com/"
✅,2009,"http://www.babble.com/pop-up-books-robert-sabuda-and-matthew-reinhart-encyclopedia-prehistorica-dinosaurs-sharks-myths/"
✅,2009,"http://www.xsortapp.com/"
✅,2008,"http://userfly.com/"
✅,2008,"http://www.sitepoint.com/article/section-508-web-accessibility/"
✅,2008,"http://www.batchgeocode.com/"
✅,2008,"http://www.gestgjafinn.is/matarspjall/matarord/"
✅,2008,"http://startupict.blogspot.com/2008/11/moo-fat-free-sites-and-user-action-best.html"
✅,2008,"http://www.urbanseeder.com/"
❌,2008,"http://www.citysense.com/home.php"
❌,2008,"http://www.wattzon.org/stuff"
✅,2008,"http://www.poladroid.net/"
✅,2008,"http://www.weebadgers.com/"
✅,2008,"http://strangemaps.wordpress.com/2008/09/23/310-the-world-justified/"
✅,2008,"http://www.zprod.org/PG/machines/sexedRobots.htm"
✅,2008,"http://particletree.com/notebook/calculating-color-contrast-for-legible-text/"
✅,2008,"http://versionista.com/"
✅,2008,"http://www.labnol.org/internet/monitor-web-pages-changes-with-google-docs/4536/"
✅,2008,"http://www.ipmessage.net/"
❌,2008,"http://awesome.goodmagazine.com/features/011/Wanderlust/"
✅,2008,"http://maps.met.police.uk/"
✅,2008,"http://everything2.com/e2node/How%20many%20atoms%20of%20Jesus%20you%20eat%20every%20day"
✅,2008,"http://www.cabinetoffice.gov.uk/reports/national_risk_register.aspx"
✅,2008,"http://www.seedmagazine.com/news/cribsheet/"
❌,2008,"http://www.theorwellprize.co.uk/home.aspx"
❌,2008,"http://adhearsion.com/"
❌,2008,"http://www.gaia-gis.it/spatialite/"
✅,2008,"http://spritegen.website-performance.org/"
✅,2008,"http://code.google.com/apis/protocolbuffers/docs/overview.html"
✅,2008,"http://www.simplynoise.com/"
✅,2008,"http://www.openmoko.com/"
✅,2008,"http://kiva.org/"
✅,2008,"http://dayofthefigurines.co.uk/"
✅,2008,"http://niceone.org/infodesign/"
✅,2008,"http://www.uservoice.com/"
❌,2008,"http://www.nihilogic.dk/labs/mariokart/"
❌,2008,"http://notanemployee.net/"
❌,2008,"http://www.pachube.com/"
✅,2008,"http://developer.yahoo.com/ypatterns/parent.php?pattern=reputation"
✅,2008,"http://280slides.com/"
✅,2008,"http://liquidfold.net/"
✅,2008,"http://pulseapp.com/"
✅,2008,"http://goosh.org/"
❌,2008,"http://opencountrycodes.appspot.com/"
✅,2008,"http://code.google.com/p/zxing/wiki/BarcodeContents"
✅,2008,"http://snowclones.org/"
✅,2008,"http://hbc.hackmii.com/about/"
✅,2008,"http://adrive.com/"
✅,2008,"http://thing-described-by.org/"
✅,2008,"http://fluidapp.com/"
✅,2008,"http://tashian.com/perl/multibabel.cgi"
✅,2008,"http://en.wikibooks.org/wiki/Icelandic"
✅,2008,"http://fontstruct.fontshop.com/"
✅,2008,"http://www.carbonrecycling.is/"
✅,2008,"http://www.catwalking.com/"
✅,2008,"http://mkweb.bcgsc.ca/circos/"
✅,2008,"http://prefuse.org/"
✅,2008,"http://vis.berkeley.edu/papers/sense.us/"
✅,2008,"http://www.darkroastedblend.com/2008/04/japanese-creative-barcodes.html"
✅,2008,"http://www.awi.de/en/research/new_technologies/marine_observing_systems/ocean_acoustics/palaoa/palaoa_livestream/"
✅,2008,"http://processing.org/"
✅,2008,"http://zamzar.com/"
✅,2008,"http://www.filedropper.com/"
✅,2008,"http://www.cabel.name/2008/03/japan-urls-are-totally-out.html"
✅,2008,"http://www.adultswim.com/games/game/index.html?game=biblefight"
✅,2008,"http://www.readability.info/"
✅,2008,"http://data.un.org/"
✅,2008,"http://secrets.textdriven.com/"
✅,2008,"http://rsync.net/"
❌,2008,"http://www.mathtran.org/index.html"
✅,2008,"http://pdfmenot.com/"
❌,2008,"http://mystatus.skype.com/briansuda.xml"
✅,2008,"http://www.economist.com/research/styleguide/"
❌,2008,"http://www.thule.af.mil/"
✅,2008,"http://a.wholelottanothing.org/2008/02/01/how-to-record-a-kickass-podcast-between-two-macs-and-cheap/"
✅,2008,"http://www.geonames.org/rss-to-georss-converter.html"
✅,2008,"http://www.mxtelecom.com/uk/"
✅,2008,"http://www.voidstar.com/void.bot/"
✅,2008,"http://www.groundspeak.com/"
✅,2008,"http://yuiblog.com/blog/2008/01/23/empty-links/"
✅,2008,"http://kevan.org/proce55ing/zombies/"
✅,2008,"http://hood.theory.org/"
✅,2008,"http://www.kolvidur.is/English/"
✅,2008,"http://www.wait-till-i.com/2008/01/08/generating-charts-from-accessible-data-tables-using-the-google-charts-api/"
✅,2008,"http://www.andrew.cmu.edu/user/twm/embed/"
✅,2008,"http://www.norvig.com/spell-correct.html"
✅,2007,"http://www.cacr.math.uwaterloo.ca/hac/index.html"
❌,2007,"http://web21c.bt.com/"
❌,2007,"http://mojo.bt.com/"
❌,2007,"http://www.ripplerap.com/"
✅,2007,"http://openaerialmap.org/"
✅,2007,"http://www.mishare.com/"
❌,2007,"http://www.qr-itworld.com/archive"
❌,2007,"http://www.email-standards.org/"
✅,2007,"http://todotxt.com/"
✅,2007,"http://www.notmacchallenge.com/"
✅,2007,"http://www.colourlovers.com/blog/2007/11/06/the-colors-of-your-college-degree/"
✅,2007,"http://cocoadevcentral.com/"
✅,2007,"http://music.guardian.co.uk/news/story/0,,2209689,00.html"
❌,2007,"http://jp.blognation.com/2007/10/31/qr-codes-meet-social-networking/"
❌,2007,"http://mapufacture.com/about/developers"
✅,2007,"http://www.aaronland.info/weblog/2007/07/28/trees/"
❌,2007,"http://www.cumul.us/home/IS/XX/Reykjavik/"
✅,2007,"http://www.amnesta.net/other/monopoly/"
❌,2007,"http://mekwa.com/"
✅,2007,"http://news.bbc.co.uk/2/hi/uk_news/7081038.stm"
❌,2007,"http://updates.elsewhere.im/"
✅,2007,"http://www.terranet.se/"
✅,2007,"http://meraki.com/"
✅,2007,"http://bleb.org/tv/"
✅,2007,"http://hyperphysics.phy-astr.gsu.edu/hbase/mechanics/earthole.html"
✅,2007,"http://www.i-mockery.com/halloween/bag/monster-initial-generator.php"
✅,2007,"http://consumerist.com/consumer/travel/find-the-real-reason-for-delays-with-airline-cargo-sites-312669.php"
✅,2007,"http://reinholdweber.com/?p=3"
✅,2007,"http://www.xml-sitemaps.com/"
✅,2007,"http://www.flickr.com/photos/15141055@N07/sets/72157602440363973/"
✅,2007,"http://website-performance.org/"
✅,2007,"http://www.isitchristmas.com/"
✅,2007,"http://www.getlatlon.com/"
✅,2007,"http://www.opera.com/products/devices/nintendo/"
❌,2007,"http://stupidfilter.org/wiki/"
❌,2007,"http://riddle.pl/emcalc/"
✅,2007,"http://www.citycreator.com/"
✅,2007,"http://consumerist.com/consumer/how-to/13-step-guide-to-buying-a-car-while-controlling-the-sale-and-the-price-296553.php"
✅,2007,"http://doubleparity.net/2007/09/safer-surfing-on-untrusted-networks-mac-edition"
✅,2007,"http://particletree.com/features/visualizing-fittss-law/"
✅,2007,"http://particletree.com/notebook/to-insert-or-to-update/"
✅,2007,"http://www.decodeunicode.org/"
✅,2007,"http://www.stl-style.com/"
✅,2007,"http://www.tera-wurfl.com/"
✅,2007,"http://www.wired.com/politics/security/commentary/securitymatters/2007/09/security_matters_0920"
✅,2007,"http://www.navizon.com/navizon_v-gps.htm"
✅,2007,"http://www.airport-cgn.de/index.php"
✅,2007,"http://gpsinformation.net/airgps/airgps.htm"
✅,2007,"http://www.macupdate.com/info.php/id/9752/unicodechecker"
❌,2007,"http://openaerialmap.org/Main_Page"
❌,2007,"http://www.mikons.com/"
❌,2007,"http://dev.mobi/node/472"
✅,2007,"http://www.getmiro.com/"
✅,2007,"http://code.google.com/p/mobileterminal/"
✅,2007,"http://code.google.com/p/css-redundancy-checker/"
✅,2007,"http://www.menningarnott.is/"
❌,2007,"http://socket7.net/software/jabber-bot"
✅,2007,"http://www.iana.org/assignments/uri-schemes.html"
✅,2007,"http://www.sitepoint.com/dustmeselectors/"
✅,2007,"http://www.sproutcore.com/"
✅,2007,"http://code.google.com/p/iphonenes/"
❌,2007,"http://bjorkoy.com/blueprint/index.html"
❌,2007,"http://carohorn.de/anymails/"
✅,2007,"http://simile.mit.edu/timeplot/"
❌,2007,"http://www.clicktracks.com/insidetrack/articles/kirk_analytics.php?source=nws072007"
✅,2007,"http://westciv.com/xray/"
✅,2007,"http://www.versionsapp.com/"
✅,2007,"http://www.apple.com/itunes/store/podcaststechspecs.html"
✅,2007,"http://colloquy.info/iphone/"
✅,2007,"http://expectnation.com/public/content/home"
✅,2007,"http://www.conftool.net/"
❌,2007,"http://www.walletproof.com/welcome"
✅,2007,"http://www.simplifymedia.com/index.html"
❌,2007,"http://haha.nu/beautiful/history-of-olympic-posters/"
✅,2007,"http://www.designobserver.com/archives/026488.html"
✅,2007,"http://blogs.msdn.com/sharepointdesigner/archive/2007/07/14/using-microformats-with-your-sharepoint-data.aspx"
✅,2007,"http://alistapart.com/articles/hattrick"
✅,2007,"http://demo.openlibrary.org/"
❌,2007,"http://www.cetis.ac.uk/members/scott/blogview?entry=20050603020705"
❌,2007,"http://www.bbqu.net/"
✅,2007,"http://www.findagrave.com/"
✅,2007,"http://www.wesabe.com/"
❌,2007,"http://www.blobsy.org/Main/HomePage"
✅,2007,"http://www.txtdrop.com/"
✅,2007,"http://www.mindjet.com/eu/index.php"
✅,2007,"http://code.google.com/p/templatemaker/"
✅,2007,"http://www.planningpoker.com/"
✅,2007,"http://code.google.com/apis/gears/"
✅,2007,"http://www.revfad.com/flip.html"
✅,2007,"http://www.houdah.com/houdahGeo/"
✅,2007,"http://www.tbray.org/ongoing/When/200x/2007/06/25/mod_atom"
❌,2007,"http://iceyboard.no-ip.org/projects/css_compressor"
✅,2007,"http://severinghaus.org/projects/icv/"
❌,2007,"http://www.iloveantix.com/home.php"
❌,2007,"http://xdrive.com/"
✅,2007,"http://www.colourlovers.com/blog/2007/06/01/colorful-beauty-in-nature-butterflies/"
✅,2007,"http://www.weirdconverter.com/"
✅,2007,"http://www.horvath.ch/ninja/the_urban_ninja.html"
✅,2007,"http://www.instructables.com/id/ERJIY1XF2297BZ5/"
❌,2007,"http://www.brooxes.com/"
✅,2007,"http://shaheeilyas.com/flags/"
✅,2007,"http://citywall.org/pages/about"
❌,2007,"http://weblog.bignerdranch.com/?p=23"
✅,2007,"http://www.pocketmod.com/"
✅,2007,"http://yoan.dosimple.ch/blog/2007/05/17/"
❌,2007,"http://www1.dfrc.nasa.gov/gallery/movie/"
✅,2007,"http://www.michelf.com/projects/sim-daltonism/"
✅,2007,"http://mirasoftware.com/BPE/"
❌,2007,"http://colororacle.cartography.ch/"
✅,2007,"http://triplr.org/index.html"
✅,2007,"http://icanhascheezburger.com/"
✅,2007,"http://particletree.com/features/rediscovering-the-button-element/"
✅,2007,"http://www.visitakranes.is/"
✅,2007,"http://www.glidestlouistours.com/"
❌,2007,"http://www.useit.com/alertbox/writing-numbers.html"
✅,2007,"http://iwantsandy.com/"
❌,2007,"http://blog.macos.fr/post/2007/01/18/GMailFS-for-Mac-OS-X"
✅,2007,"http://ahus.is/"
❌,2007,"http://www.ff0000.com/"
✅,2007,"http://code.google.com/p/macfuse/"
❌,2007,"http://diarised.com/"
✅,2007,"http://dbpedia.org/docs/"
❌,2007,"http://mobile.feisar.com/plugins.html"
❌,2007,"http://geothings.ning.com/FlickrGeocodrDocs.php"
❌,2007,"http://catanlive.com/"
✅,2007,"http://code.google.com/p/knowee/"
✅,2007,"http://www.nipponham.co.jp/winny/kazari/index.html#a"
✅,2007,"http://www.spock.com/"
❌,2007,"http://bargiel.home.pl/iGTD/"
✅,2007,"http://www.nokiausa.com/N800"
❌,2007,"http://www.lggwg.com/"
✅,2007,"http://geekz.co.uk/shop/store/show/schneier-tshirt"
✅,2007,"http://www.stripegenerator.com/index.php?page=index"
✅,2007,"http://triplr.org/"
❌,2007,"http://korbinus.net/geotruc/"
✅,2007,"http://books.google.com/books?id=nLrJH-_sGjEC"
✅,2007,"http://www.publictoilets.org/"
✅,2007,"http://perian.org/"
✅,2007,"http://www.resolio.com/"
✅,2007,"http://commons.wikimedia.org/wiki/London_Underground_geographic_maps"
✅,2007,"http://www.mentalfloss.com/"
❌,2007,"http://delta.slinked.net/programming/sleek/"
✅,2007,"http://www.bolinfest.com/wii/"
✅,2007,"http://starwars.wikia.com/wiki/Main_Page"
❌,2007,"http://handfruit.com/"
✅,2007,"http://www.kodak.com/US/en/corp/features/onTheRoad/home/index.shtml"
❌,2007,"http://osxiconeditor.phatcode.net/icns2icon.html"
✅,2007,"http://librivox.org/the-origin-of-species-by-charles-darwin/"
✅,2007,"http://www.plaintxt.org/"
❌,2007,"http://nike-templates.org/"
❌,2007,"http://www.globalrichlist.com/"
✅,2007,"http://www.makemeaspeaker.com/"
✅,2007,"http://particletree.com/notebook/two-new-sites-for-startups/"
❌,2007,"http://www.imity.com/"
✅,2007,"http://www.nabaztag.com/en/index.html"
❌,2007,"http://www.unconference.info/"
✅,2007,"http://www.princexml.com/"
✅,2007,"http://ridethebandwagon.com/home"
✅,2007,"http://codesorcery.net/pukka"
✅,2007,"http://favicon2dots.com/"
❌,2007,"http://cubicgarden.blip.tv/file/152044?filename=Cubicgarden-SANY0002b789.MP4"
✅,2007,"http://www.flickr.com/photos/vesuviano/sets/72157594463706888/"
✅,2007,"http://orlabs.oclc.org/Identities/"
✅,2007,"http://www.stanstedexpress.com/"
❌,2007,"http://delicious.salted.com/"
✅,2007,"http://blog.johnmckerrell.com/2006/10/23/microformats-tails-export-bluetooth/"
✅,2007,"http://www.callwave.com/landing/corp_home_v2e.asp"
✅,2007,"http://www.geni.com/"
✅,2007,"http://bitworking.org/news/No_Fishing"
✅,2007,"http://www.youtube.com/watch?v=TwBsC3dst3I&eurl="
✅,2007,"http://www.pnp-software.com/XSLTdoc/"
✅,2007,"http://tools.ietf.org/wg/calsify/draft-ietf-calsify-rfc2445bis/draft-ietf-calsify-rfc2445bis-03.html"
❌,2007,"http://www.imified.com/"
✅,2007,"http://gc.kls2.com/"
✅,2007,"http://bitworking.org/projects/apptestclient/"
✅,2007,"http://manishrjain.googlepages.com/flickrfs"
✅,2007,"http://www.brendonwilson.com/projects/barcode-recognition/"
✅,2007,"http://cheeseshop.python.org/pypi/tl.googlepagerank"
✅,2007,"http://www.w3.org/2002/08/extract-semantic"
✅,2007,"http://services.alphaworks.ibm.com/manyeyes/home"
❌,2007,"http://www.ovesens.net/default.asp?PageId=8"
❌,2007,"http://infosthetics.com/archives/2007/01/jeff_han_multi-touch_display_demo_applications.html"
❌,2007,"http://tagmaps.research.yahoo.com/"
✅,2007,"http://whatfettle.com/2005/03/chad/"
❌,2007,"http://blog.mattmecham.com/2006/09/05/ipod-training-data-under-the-hood/"
✅,2007,"http://www.youtube.com/watch?v=dPv8psZsvIU"
✅,2007,"http://www.ogleearth.com/2007/01/gps_and_geotagg.html"
❌,2007,"http://www.goapeshirts.com/index.php"
✅,2007,"http://preloadr.com/"
✅,2007,"http://blueorigin.com/"
✅,2007,"http://www.youtube.com/watch?v=8mBDQXWflbM&eurl="
✅,2007,"http://www.rfc-editor.org/rfc/rfc4589.txt"
✅,2006,"http://gcaldaemon.sourceforge.net/"
✅,2006,"http://2006.xmlconference.org/proceedings/127/slides.html"
✅,2006,"http://www.teplin.com/"
❌,2006,"http://www.waronterrortheboardgame.com/thegame/"
❌,2006,"http://www.craigsnumber.com/"
✅,2006,"http://www.eye.fi/"
✅,2006,"http://www.tv-links.co.uk/"
✅,2006,"http://www.macosxhints.com/article.php?story=2006120918170984"
✅,2006,"http://dmitry.baranovskiy.com/work/fiechart/"
✅,2006,"http://overstated.net/projects/tap-calculator/"
✅,2006,"http://developer.mozilla.org/en/docs/Controlling_spell_checking_in_HTML_forms"
✅,2006,"http://www.petegoldlust.com/carvedcrayons.html"
✅,2006,"http://www.xml.com/pub/a/2004/12/01/tr.html"
✅,2006,"http://norman.walsh.name/2005/projects/xslflickr"
✅,2006,"http://onelook.com/"
✅,2006,"http://www.iwascoding.com/GarageSale/"
❌,2006,"http://www.johnpilscities.com/"
❌,2006,"http://www.sasi.group.shef.ac.uk/worldmapper/index.html"
❌,2006,"http://www.earthday.net/footprint/index.asp"
✅,2006,"http://3quarksdaily.blogs.com/3quarksdaily/2006/11/i_challenge_you.html"
✅,2006,"http://www.pearsoned.com/isbn-13/"
✅,2006,"http://www.w3.org/TR/rdf-sparql-query/"
✅,2006,"http://www.w3.org/TR/rdf-sparql-XMLres/"
✅,2006,"http://www.webscience.org/"
✅,2006,"http://www.npemap.org.uk/"
✅,2006,"http://www.b2d4.com/shop.php"
✅,2006,"http://qrcode.kaywa.com/"
✅,2006,"http://www.splintered.co.uk/experiments/archives/geourl_to_google_earth/"
✅,2006,"http://www.devon-technologies.com/products/desktoptransporter/"
✅,2006,"http://shinywhitebox.com/home/home.html"
❌,2006,"http://video.google.com/videoplay?docid=-2966542393735208484&sourceid=docidfeed&hl=en"
✅,2006,"http://search.yahoo.com/mrss"
✅,2006,"http://strangemaps.wordpress.com/"
✅,2006,"http://www.checkoutapp.com/"
✅,2006,"http://www.w3.org/2003/01/geo/"
✅,2006,"http://chir.ag/phernalia/preztags/"
❌,2006,"http://textorizer.whatfettle.com/"
✅,2006,"http://www.newscientisttech.com/article/dn10421-elastic-bands-twang-in-superslow-motion.html"
❌,2006,"https://barcode.ideas.live.com/"
✅,2006,"http://sites.wiwiss.fu-berlin.de/suhl/bizer/ng4j/semwebclient/"
❌,2006,"http://simile.mit.edu/wiki/Referee"
✅,2006,"http://json.org/"
✅,2006,"http://darwin-online.org.uk/"
❌,2006,"http://www.bigsmalltown.com/"
✅,2006,"http://www.logoorange.com/color/color-codes-chart.php"
✅,2006,"http://support.microsoft.com/kb/214181"
✅,2006,"http://openid.net/"
✅,2006,"http://www.welldesignedurls.org/"
✅,2006,"http://www.bluetooth.com/Bluetooth/Apply/TransSend/"
❌,2006,"http://www.terrapass.com/"
✅,2006,"http://www.says-it.com/cassette/index.php"
❌,2006,"http://video.google.com/videoplay?docid=-2116425712378771695"
❌,2006,"http://refreshsaintlouis.org/"
✅,2006,"http://www.google.com/help/blogsearch/about_pinging.html"
❌,2006,"http://wiki.noreply.org/noreply/TheOnionRouter/AnonymousPublicSpeech"
✅,2006,"http://sioc-project.org/"
❌,2006,"http://www.personal-kyoto.org/"
✅,2006,"http://www.oncotton.co.uk/peter/index/A4PAPERCUT_000.htm"
✅,2006,"http://prt-i61.fernuni-hagen.de/~bischoff/radiopedia/index_en.html"
❌,2006,"http://combatcards.co.uk/"
✅,2006,"http://en.wikipedia.org/wiki/Tachyons"
✅,2006,"http://en.wikipedia.org/wiki/Euler_diagram"
❌,2006,"http://whocalled.us/"
✅,2006,"http://notlong.com/"
✅,2006,"http://www.opmlicons.com/"
✅,2006,"http://www.opengeospatial.org/"
✅,2006,"http://www.libsecondlife.org/"
❌,2006,"http://labs.metacarta.com/"
✅,2006,"http://gutenkarte.org/"
✅,2006,"http://openlayers.org/"
✅,2006,"http://isbndb.com/"
✅,2006,"http://www.upcdatabase.com/"
✅,2006,"http://en.wikipedia.org/wiki/Geotagging"
✅,2006,"http://www.youtube.com/watch?v=LJKJjJbHxvY"
✅,2006,"http://en.wikipedia.org/wiki/Stormtrooper_effect"
✅,2006,"http://www.ohdontforget.com/"
✅,2006,"http://www.wasab.dk/morten/2003/12/nearestAirport/"
❌,2006,"http://twopointohyeah.com/"
✅,2006,"http://pear.php.net/package/Services_OpenSearch/docs/0.1.0/Services_OpenSearch/_OpenSearch_Services_OpenSearch-0.1.0_OpenSearch_php.html"
✅,2006,"http://www.55fun.com/"
✅,2006,"http://www.carto.net/projects/photoTools/gpsPhoto/"
✅,2006,"http://en.metaweather.com/Tools/API/"
✅,2006,"http://www.traintimes.org.uk/map/"
❌,2006,"http://stinkbot.com/Tubesock/index.html"
✅,2006,"http://oregonstate.edu/~earlyj/gpsphotolinker/"
✅,2006,"http://www.says-it.com/seal/"
✅,2006,"http://en.wikipedia.org/wiki/Venn_diagram"
✅,2006,"http://celticfringe.net/history/vocab.htm"
✅,2006,"http://www.geonames.org/export/"
❌,2006,"http://mind-metaphor.stanford.edu/"
✅,2006,"http://librdf.org/docs/python.html"
✅,2006,"http://niem.gov/"
✅,2006,"http://simile.mit.edu/RDFizers/"
✅,2006,"http://hostelworld.com/"
❌,2006,"http://www.alexaholic.com/sethgodin"
✅,2006,"http://crazyegg.com/"
✅,2006,"http://farecast.com/"
✅,2006,"http://www.jungledisk.com/"
❌,2006,"http://openwengo.com/"
❌,2006,"http://tech.rufy.com/2006/08/mapreduce-for-ruby-ridiculously-easy.html"
✅,2006,"http://www.artima.com/rubycs/articles/patterns_sexp_dsls.html"
✅,2006,"http://gdisk.sourceforge.net/"
✅,2006,"http://www.wififreespot.com/airport.html"
✅,2006,"http://www.dorodango.com/"
❌,2006,"http://www.arrakis.es/~rggi3/youtube-dl/"
❌,2006,"http://pingthesemanticweb.com/"
✅,2006,"http://www.w3.org/DesignIssues/Diff"
❌,2006,"http://www.sustainablegis.com/projects/geoLocator/"
✅,2006,"http://www.youtube.com/dev"
❌,2006,"http://www.otherland-group.com/"
✅,2006,"http://e-zombie.com/"
✅,2006,"http://en.wikipedia.org/wiki/Bitap_algorithm"
✅,2006,"http://en.wikipedia.org/wiki/Declarative_programming"
✅,2006,"http://www.oasis-open.org/cover/maloneyRelationships.html#RELREV"
✅,2006,"http://www.farecast.com/"
❌,2006,"http://valenheavy.com/"
✅,2006,"http://www.makezine.com/blog/archive/2005/10/messages_from_the_virtual_worl.html"
✅,2006,"http://www.kokogiak.com/gedankengang/2006/05/consuming-amazons-web-api-directly.html"
✅,2006,"http://www.dajobe.org/2005/04-sparql/"
✅,2006,"http://www.timeanddate.com/worldclock/city.html?n=304"
✅,2006,"http://www.timeanddate.com/worldclock/city.html?n=211"
✅,2006,"http://www.timeanddate.com/worldclock/city.html?n=605"
✅,2006,"http://slurl.com/"
✅,2006,"http://sparql.org/"
✅,2006,"http://www.subtraction.com/archives/2006/0808_feeding_the_.php"
✅,2006,"http://www.worldcat.org/"
✅,2006,"http://www.usps.com/ncsc/lookups/abbreviations.html"
✅,2006,"http://xml.coverpages.org/ni2003-06-17-a.html"
❌,2006,"http://2007.sxsw.com/"
❌,2006,"http://labs.google.com/papers/mapreduce.html"
✅,2006,"http://better-together.co.uk/index.html"
✅,2006,"http://www.says-it.com/concertticket/"
✅,2006,"http://www.churchsigngenerator.com/index_5.php"
✅,2006,"http://www.fcc.gov/fcc-bin/convertDMS"
✅,2006,"http://www.boxesandarrows.com/view/icon_analysis"
✅,2006,"http://www.timeanddate.com/"
✅,2006,"http://software.hixie.ch/utilities/cgi/data/data"
✅,2006,"http://www.geekinthepark.co.uk/"
✅,2006,"http://www.w3.org/TR/2005/NOTE-test-metadata-20050914/"
✅,2006,"http://developer.amazonwebservices.com/connect/entry!default.jspa?categoryID=47&externalID=128&fromSearchPage=true"
✅,2006,"http://en.wikipedia.org/wiki/XSS"
✅,2006,"http://www.viktorygame.com/"
✅,2006,"http://en.wikipedia.org/wiki/Grok"
✅,2006,"http://developer.yahoo.com/maps/georss/index.html"
❌,2006,"http://genometri.com/color/"
✅,2006,"http://www.guardian.co.uk/g2/story/0,,1824525,00.html"
✅,2006,"http://cometd.com/"
✅,2006,"http://s5project.org/"
❌,2006,"http://www.macs.hw.ac.uk/~rpointon/osx/fseventer.html"
✅,2006,"http://www.dohop.com/"
✅,2006,"http://www.eurail.com/"
✅,2006,"http://interrail.com/"
❌,2006,"http://dev.robotcoop.com/Libraries/"
✅,2006,"http://www.fcc.gov/mb/audio/bickel/DDDMMSS-decimal.html"
❌,2006,"http://www.earthtools.org/"
❌,2006,"http://www.goapeshirts.com/index2.php"
✅,2006,"http://www.dandelife.com/"
❌,2006,"http://www.messinwithsasquatch.com/"
✅,2006,"http://en.wikipedia.org/wiki/Ligature_(typography)"
✅,2006,"http://en.wikipedia.org/wiki/Ampersand"
✅,2006,"http://tools.microformatic.com/"
✅,2006,"http://www.gpsbabel.org/"
❌,2006,"http://www.hexten.net/wbt-200/"
✅,2006,"http://www.mess.be/pirate-names-male.php"
✅,2006,"http://www.colourlovers.com/index.cfm"
✅,2006,"http://oregonstate.edu/~keiterk/?p=9"
✅,2006,"http://www.kavasoft.com/iConquer/index.php"
✅,2006,"http://www.pocketgpsworld.com/gr236.php"
✅,2006,"http://achurch.org/ff1-maps.html"
✅,2006,"http://metro.nanika.net/"
❌,2006,"http://www.herper.com/ebooks/titles/Seaserpent.html"
✅,2006,"http://persistent.info/overplot/"
✅,2006,"http://scan.dalo.us/"
❌,2006,"http://inventory.overture.com/d/searchinventory/suggestion/"
❌,2006,"http://itredux.com/blog/office-20/my-office-20-setup/"
✅,2006,"http://www.roumieu.com/"
✅,2006,"http://webvisionsevent.com/"
✅,2006,"http://www.frederiksamuel.com/blog/"
❌,2006,"http://157.157.79.9/home/homeJ.html"
✅,2006,"http://www.peej.co.uk/articles/http-auth-with-html-forms.html"
✅,2006,"http://dev.allredtech.com/fakename/"
✅,2006,"http://www.beazley.ox.ac.uk/CGPrograms/Dict/ASP/OpenDictionary.asp"
✅,2006,"http://www.pendrivelinux.com/"
❌,2006,"http://www.mercurytide.com/knowledge/white-papers/microformats"
✅,2006,"http://www.w3.org/TR/relations.html"
✅,2006,"http://www.fundamentosweb.org/2006/"
✅,2006,"http://www.ku.edu/~idea/"
✅,2006,"http://w2.syronex.com/jmr/w3c-biblio"
✅,2006,"http://www.inflightpower.com/"
✅,2006,"http://webdirections.org/"
✅,2006,"http://del.icio.us/doc/dangerous#telnet://ascii-wm.net:2006"
❌,2006,"http://folksr.de/"
❌,2006,"http://www.aula.org/movement/"
❌,2006,"http://imity.com/"
✅,2006,"http://www.umop.com/rps25.htm"
✅,2006,"http://reboot.dk/"
❌,2006,"http://www.aharef.info/static/htmlgraph/"
❌,2006,"http://store.muledesign.com/shirts/koolaid.php"
✅,2006,"http://en.wikipedia.org/wiki/List_of_mobile_country_codes"
✅,2006,"http://www.mysociety.org/2006/travel-time-maps/"
✅,2006,"http://norvig.com/sudoku.html"
✅,2006,"http://www.dajobe.org/talks/200605-semantics-tag/"
✅,2006,"http://www.timmatheson.com/91/"
✅,2006,"http://www.oddica.com/catalog/index.php"
✅,2006,"http://www.lileks.com/money/index.html"
✅,2006,"http://www.visibone.com/countries/countrychart_4080.jpg"
✅,2006,"http://www.rf-dump.org/"
❌,2006,"http://ipod.wcities.com/city/edinburgh"
❌,2006,"http://ipod.wcities.com/city/reykjavik"
❌,2006,"http://ipod.wcities.com/city/st_louis"
✅,2006,"http://www.asciimaps.com/"
✅,2006,"http://www.openstreetmap.org/"
❌,2006,"http://www.digitaljunkies.ca/dompdf/"
✅,2006,"http://maps.huge.info/zip.htm"
✅,2006,"http://www.helio.com/page?p=homepage"
✅,2006,"http://www.adobe.com/products/xmp/vector/xmp.html"
✅,2006,"http://customink.com/"
❌,2006,"http://www.webwhirlers.com/colors/spinwheel.asp"
❌,2006,"http://pages.infinit.net/voxel/zeldacubed.htm"
✅,2006,"http://www.omninerd.com/2006/04/21/articles/50"
✅,2006,"http://www.islingua.is/sumarkvedja.htm"
✅,2006,"http://www.artichokeyinkpress.com/phons/archive.php"
❌,2006,"http://openmap.bbn.com/data/shape/timezone/"
✅,2006,"http://www.w3.org/2001/tag/doc/mime-respect.html"
✅,2006,"http://graybit.com/main.php"
❌,2006,"http://axlotl.net/wp/2006/04/16/s3-web-interface/"
✅,2006,"http://www.aiga.org/content.cfm?ContentAlias=symbolsigns"
✅,2006,"http://asteroid.divnull.com/?p=70"
❌,2006,"http://zip-code-boundaries.com/index.html?zip=63116"
❌,2006,"http://www.sasi.group.shef.ac.uk/worldmapper/thumbnails/mapindex1-12.html"
✅,2006,"http://www.dhteumeuleu.com/dhtml/yoshisland.html"
✅,2006,"http://www.holovaty.com/blog/archive/2006/04/07/0927"
❌,2006,"http://cabspotting.org/index.html"
✅,2006,"http://www.jibble.org/pircbot.php"
✅,2006,"http://mike.teczno.com/giant/pan/"
❌,2006,"http://worldkit.org/geocoder/"
✅,2006,"http://portforward.com/"
❌,2006,"http://www1.tools.ietf.org/wg/atompub/draft-snell-atompub-feed-thread-06.txt"
✅,2006,"http://netapps.muohio.edu/blogs/darcusb/darcusb/"
❌,2006,"http://www.zipinfo.com/search/zipcode.htm"
❌,2006,"http://bubblegumfink.blogspot.com/2006/03/bigfootfink.html"
❌,2006,"http://antimega.com/antimega/2006/03/29/flickr-off"
✅,2006,"http://it.slashdot.org/it/06/03/26/1911255.shtml"
✅,2006,"http://www.hccamsterdam.nl/brickfactory/index.htm"
✅,2006,"http://recedinghairline.co.uk/tutorials/fakemodel/"
✅,2006,"http://www.katika.net/"
❌,2006,"http://developer.yahoo.net/php/"
✅,2006,"http://eqo.com/index.php"
✅,2006,"http://www.expresspdf.com/"
❌,2006,"http://developer.yahoo.net/ypatterns/"
✅,2006,"http://www.powersquid.net/"
✅,2006,"http://www.instructables.com/"
✅,2006,"http://houseoftartan.co.uk/interactive/weaver/index.html"
✅,2006,"http://www.derekyu.com/extras/pixel01.html"
❌,2006,"http://brainoff.com/gmaps/mgeorss.html"
✅,2006,"http://www.irowan.com/romeo/"
❌,2006,"http://homokaasu.org/gematriculator/"
❌,2006,"http://www.sabifoo.com/main"
❌,2006,"http://www.recolored.com/"
✅,2006,"http://ian-albert.com/misc/gamemaps.php"
❌,2006,"http://www.jabphone.com/"
✅,2006,"http://www.freenas.org/"
✅,2006,"http://www.hackdiary.com/stemtags/"
❌,2006,"http://developer.yahoo.net/search/content/V1/termExtraction.html"
❌,2006,"http://www.versiontracker.com/dyn/moreinfo/macosx/24031"
✅,2006,"http://www.voip-info.org/wiki/"
❌,2006,"http://www.darklilac.com//upload.jsp"
❌,2006,"http://jumpd.com/?p=2"
✅,2006,"http://interconnected.org/src/autosmtp/"
✅,2006,"http://www.wellington.org/nandor/chemwords/chemwords.htm"
✅,2006,"http://ws.cdyne.com/NotifyWS/phonenotify.asmx?op=NotifyPhoneEnglishBasic"
✅,2005,"http://www.business-opportunities.biz/projects/how-much-is-your-blog-worth/"
✅,2005,"http://feedicons.com/"
✅,2005,"http://www.textmessage.cc/"
✅,2005,"http://janpeters.net/pics/stuff/alphabet.gif"
✅,2005,"http://www.agilepartners.com/blog/2005/12/07/iphoto-image-resizing-using-javascript/"
✅,2005,"http://www.petefreitag.com/item/505.cfm"
❌,2005,"http://www.idyll.org/~t/www-tools/twill.html"
✅,2005,"http://gunth.com/brickquest/"
❌,2005,"http://tvilda.stilius.net/wapirc/"
✅,2005,"http://www.numberspiral.com/"
✅,2005,"http://jomidav.aldavies.net/SovietMaps/index.htm"
✅,2005,"http://www.stamprussia.com/"
✅,2005,"http://wiki.ehow.com/Read-12-Digit-UPC-Barcodes"
✅,2005,"http://sherlockholmes.stanford.edu/"
✅,2005,"http://www.unixuser.org/~euske/vnc2swf/vnc2swf.html"
✅,2005,"http://www.webcitation.org/"
❌,2005,"http://projectredstone.ath.cx/Significant.html"
✅,2005,"http://www.ashotoforangejuice.com/gmrisk.html"
✅,2005,"http://tuxmann.blogspot.com/2005/11/announcing-flickrfs_03.html"
✅,2005,"http://memeticdrift.net/bucky/index.html"
❌,2005,"http://www.barcodeart.com/buy/download.html"
✅,2005,"http://en.wikipedia.org/wiki/List_of_British_English_words_not_used_in_American_English"
✅,2005,"http://www.inchlab.net/barcode_scanner.htm"
✅,2005,"http://www.danah.org/papers/"
✅,2005,"http://productivity.strategy-blogs.com/2005/10/list_of_academi.html"
✅,2005,"http://www.w3.org/TR/uri-clarification/"
✅,2005,"http://www.goodthink.com/$$tablecontents.html"
✅,2005,"http://perso.freelug.org/benw/plotter/"
✅,2005,"http://slagheap.net/etherspoof/"
✅,2005,"http://blog.outer-court.com/archive/2005-09-29-n85.html"
✅,2005,"http://nemesis1.f2o.org/aarchive?id=11"
✅,2005,"http://visibleearth.nasa.gov/view_set.php?categoryId=2166&p=1"
✅,2005,"http://www.mysociety.org/?p=83"
✅,2005,"http://sunkencity.org/flickrbackup/"
✅,2005,"http://www.windowsnetworking.com/articles_tutorials/inetmap.html"
✅,2005,"http://wrongway.org/cube/solve.html"
❌,2005,"http://creativearchive.bbc.co.uk/"
✅,2005,"http://www.programmableweb.com/"
✅,2005,"http://www-personal.umich.edu/~mule/smurfgen.html"
❌,2005,"http://www.prioriteagauche.com/index.htm"
❌,2005,"http://mercury.ccil.org/~cowan/essential.html"
✅,2005,"http://www.worldprocessor.com/"
❌,2005,"http://mercury.ccil.org/~cowan/essential.html#English"
✅,2005,"http://zesty.ca/voting/"
✅,2005,"http://www.clagnut.com/blog/1358/"
✅,2005,"http://orwell.ru/library/index_en"
✅,2005,"http://www.nist.gov/dads/HTML/fordFulkerson.html"
❌,2005,"http://microcompacthome.com/company/?con=do1"
❌,2005,"http://beta.plazes.com/"
❌,2005,"http://javascript.internet.com/forms/e-mail-address-validation2.html"
✅,2005,"http://browsershots.org/"
❌,2005,"http://www.shotcode.com/"
✅,2005,"http://www.badboy.ro/assets/articles/niceforms/niceforms.html"
❌,2005,"http://www.colorblender.com/"
✅,2005,"http://wellstyled.com/tools/colorscheme2/index-en.html"
✅,2005,"http://www.technologyreview.com/articles/04/10/frauenfelder1004.asp"
✅,2005,"http://www.archive.org/details/xoc_SMW"
✅,2005,"http://calle.ioslo.net/testing/textarea-save/"
✅,2005,"http://www.derailer.org/paparazzi/"
✅,2005,"http://ludimate.com/geominder/index.php"
✅,2005,"http://wiki.osafoundation.org/bin/view/Journal/HierarchyVersusFacetsVersusTags"
✅,2005,"http://www.network-science.de/ascii/ascii.php?TEXT=brian+suda&x=24&y=9&FONT=_all+fonts+with+your+text_&RICH=no&FORM=left&STRE=no"
✅,2005,"http://www.boatsafe.com/nauticalknowhow/flags.htm"
❌,2005,"http://test.recordstore.com/wuname/wuname.pl"
✅,2005,"http://www.bbc.co.uk/dna/h2g2/A753527"
✅,2005,"http://www.circusmuseum.nl/"
✅,2005,"http://hetos.de/sshtut.html"
✅,2005,"http://www.art4itunes.com/getart/uploadtracks.php"
❌,2005,"http://www.scheduleworld.com/outlookInteroperability.html"
❌,2005,"http://www.amabuddy.com/"
❌,2005,"http://www.icir.org/models/tools.html"
✅,2005,"http://bitworking.org/projects/sparklines/"
✅,2005,"http://www.pui.ch/phred/archives/2005/06/tagsystems-performance-tests.html"
✅,2005,"http://www.zedshaw.com/blog/programming/programmer_stats.html"
✅,2005,"http://radiomemories.libsyn.com/"
✅,2005,"http://www.waitingforbigfoot.com/"
✅,2005,"http://yubnub.org/"
✅,2005,"http://www.supportourribbons.com/"
❌,2005,"http://www.xefteri.com/articles/show.cfm?id=24"
✅,2005,"http://www.calendarhome.com/converter/"
✅,2005,"http://www.petefreitag.com/item/208.cfm"
✅,2005,"http://www.livejournal.com/users/tobycraig/29223.html"
✅,2005,"http://www.openarchives.org/OAI/openarchivesprotocol.html"
✅,2005,"http://sourcelabs.com/ajb/archives/2005/05/ajax_mistakes.html"
✅,2005,"http://www.englishcompanion.com/Tools/notemaking.html"
❌,2005,"http://geocoder.us/"
✅,2005,"http://www.ip2nation.com/"
✅,2005,"http://aaugh.com/imageabuse.html"
❌,2005,"http://sinfulshirts.com/"
✅,2005,"http://www.egil.nottingham.ac.uk/texts/index.html"
✅,2005,"http://shufflehacks.blogspot.com/"
❌,2005,"http://www.jarnaker.com/siemensskype/default.htm"
✅,2005,"http://people.w3.org/rishida/scripts/uniview/conversion.htm"
✅,2005,"http://ip-to-country.webhosting.info/"
❌,2005,"http://cs.usfca.edu/~wolber/courses/680/folksonomy/folksonomy.htm"
✅,2005,"http://www.honeynet.org/papers/phishing/"
✅,2005,"http://www.colr.org/"
✅,2005,"http://www.danga.com/openid/"
❌,2005,"http://insight.zdnet.co.uk/business/0,39020481,2122414,00.htm"
✅,2005,"http://www.opte.org/maps/"
✅,2005,"http://www.readregular.com/"
❌,2005,"http://www.triskele.com/fonts/"
✅,2005,"http://www.cacert.org/"
✅,2005,"http://backstage.bbc.co.uk/"
✅,2005,"http://www.timburtoncollective.com/fonts/fonts.html"
✅,2005,"http://www.xml.com/pub/a/2005/05/11/ajax-error.html"
✅,2005,"http://www.incompetech.com/beta/plainGraphPaper/"
✅,2005,"http://rhysd.syntesis.org/tutorial/"
✅,2005,"http://www.cs.umd.edu/hcil/treemap-history/index.shtml"
✅,2005,"http://www.simonsingh.com/"
✅,2005,"http://www.juicystudio.com/fog/index.asp"
✅,2005,"http://www.playbackstl.com/"
✅,2005,"http://www.doc.ic.ac.uk/~dfg/AndysSplineTutorial/Quadratic.html"
✅,2005,"http://www.space-invaders.com/"
✅,2005,"http://www.musicplasma.com/"
✅,2005,"http://www.csd.uwo.ca/~mburrel/osx-bluetooth.html"
❌,2005,"http://www.holovaty.com/tools/getcontentsize/"
✅,2005,"http://tool-man.org/dragsort/"
❌,2005,"http://www.access-matters.com/"
✅,2005,"http://magicpubs.com/mac/macosx.html"
✅,2005,"http://www.buyolympia.com/q/sid=762253034/Artist=Sarah+Utter"
❌,2005,"http://sparkline.org/"
✅,2005,"http://www.lodgephoto.com/articles/sparklines.htm"
❌,2005,"http://opensearch.a9.com/"
❌,2005,"http://www.geocoder.us/"
❌,2005,"http://www.garthmarenghi.com/"
✅,2005,"http://clsc.net/research/google-302-page-hijack.htm"
❌,2005,"http://mind.ucsd.edu/syllabi/00-01/phil_lang/readings/searle-01.html"
✅,2005,"http://www.greenash.net.au/posts/thoughts/cross_vocab_taxonomy_hierarchies"
✅,2005,"http://www.webappsec.org/articles/022805-plain.html"
✅,2005,"http://www.kk.org/cooltools/archives/000668.php"
✅,2005,"http://www.theworldsgreatestfair.com/"
✅,2005,"http://www.ibiblio.org/hhalpin/"
❌,2005,"http://www.adaptivepath.com/publications/essays/archives/000385.php"
✅,2005,"http://www.oreillynet.com/lpt/wlg/3422"
❌,2005,"http://mspace.ecs.soton.ac.uk/"
✅,2005,"http://www.mythtv.org/"
✅,2005,"http://www.birthdayalarm.com/NamePopularity.jsp"
✅,2005,"http://www.colorstrology.com/"
✅,2005,"http://www.legendmud.org/raph/gaming/smallworlds_files/frame.htm"
✅,2005,"http://www.tartarus.org/~martin/PorterStemmer/"
✅,2005,"http://wsmanager.sourceforge.net/"
✅,2005,"http://www.aaronsw.com/2002/diff/"
❌,2005,"http://www.yummyfun.com/"
❌,2005,"http://www.colorzip.com/~engpage/col.htm/colorcode001.htm"
❌,2005,"http://www.white-wolf.com/pimp/index.php?line=generator"
✅,2005,"http://hutchinson.belmont.ma.us/tth/mml/"
✅,2005,"http://hymn-project.org/"
✅,2005,"http://www.builtstlouis.net/"
❌,2005,"http://www.sonicatrophy.com/"
❌,2005,"http://www.eco-absence.org/stl/"
❌,2005,"http://www.malcolmadams.com/itunes/index.php"
✅,2005,"http://www.usps.com/webtools/address.htm"
✅,2004,"http://www.cellspotting.com/webpages/cellspotting.html"
✅,2004,"http://www.afischer-online.de/sos/celltrack/"
❌,2004,"http://www.slcl.lib.mo.us/"
❌,2004,"http://www.slpl.lib.mo.us/"
✅,2004,"http://www.phonespell.org/"
✅,2004,"http://henry.pha.jhu.edu/calendar.html"
✅,2004,"http://www.clagnut.com/blog/371/"
✅,2004,"http://en.wikipedia.org/wiki/First_order_logic"
❌,2004,"http://www.kleimo.com/random/name.cfm"
✅,2004,"http://webperso.iut.univ-paris8.fr/~rosmord//nomhiero.html"
❌,2004,"http://www.logotypes.ru/default_e.asp"
✅,2004,"http://www-106.ibm.com/developerworks/web/library/wa-bayes1/"
❌,2004,"http://www.geocode.com/modules.php?name=TestDrive_Eagle"
✅,2004,"http://iamcal.com/publish/articles/php/search/"
❌,2004,"http://www.k7.net/"
✅,2004,"http://www.scots-online.org/"
✅,2004,"http://www.columbia.edu/~brennan/subway/"
✅,2004,"http://www.lowercasetee.com/"
❌,2004,"http://www.morecrayons.com/palettes/webSmart/"
✅,2004,"http://www.fdicts.com/"
❌,2004,"http://edweb.sdsu.edu/courses/edtec670/cardboard/BoardTOC.html"
✅,2004,"http://www.blue-tec.com/ulysses/"
✅,2004,"http://www.sciral.com/consistency/"
✅,2004,"http://www.peachpit.com/articles/printerfriendly.asp?p=31567"
✅,2004,"http://www.w3.org/2004/04/xhlt91/"
✅,2004,"http://m-w.com/info/04words.htm"
✅,2004,"http://www.csi.uottawa.ca/~kbarker/ling-devices.html"
❌,2004,"http://www.blackbeltjones.com/warchalking/index2.html"
❌,2004,"http://www.wonderfulwritingskillsunhandbook.com/html/e-prime.html"
✅,2004,"http://www.manifestation.com/neurotoys/eprime.pl"
❌,2004,"http://singlenesia.com/eris/selfres"
❌,2004,"http://ozbricks.com/benw/lego/"
✅,2004,"http://www.oreilly.com/catalog/lmstorms/"
❌,2004,"http://jpbrown.i8.com/"
✅,2004,"http://www.lugnet.com/"
✅,2004,"http://www.robotbooks.com/Lego-Mindstorms.htm"
✅,2004,"http://www.stlzoo.org/"
✅,2004,"http://www.gravatar.com/"
✅,2004,"http://www.tinyapps.org/osx.html"
✅,2004,"http://www.booksonstlouis.com/"
❌,2004,"http://www.prescod.net/rest/"
❌,2004,"http://store.muledesign.com/"
✅,2004,"http://www.adobe.com/products/xmp/main.html"
✅,2004,"http://www.aimlesswords.com/archives/20041122/gmail_todo_list/"
❌,2004,"http://jaeger.blogmatrix.com/radio/"
❌,2004,"http://www.ii.uib.no/~arntzen/kalender/"
✅,2004,"http://www.guardian.co.uk/uk_news/story/0,3604,1358930,00.html"
✅,2004,"http://members.aol.com/gulfhigh2/words.html"
✅,2004,"http://benroe.com/files/gui.html"
✅,2004,"http://www.rdpslides.com/psfaq/FAQ00050.htm"
❌,2004,"http://time-tripper.com/uipatterns/index.php"
✅,2004,"http://www.aber.ac.uk/media/Documents/S4B/semiotic.html"
✅,2004,"http://www.chefpaul.com/turducken.html"
✅,2004,"http://freepages.genealogy.rootsweb.com/~wakefield/funlatin.html"
✅,2004,"http://www.thesalmons.org/lynn/turducken.html"
✅,2004,"http://www.timesonline.co.uk/article/0%2C%2C2087-1367660%2C00.html"
✅,2004,"http://www.w3.org/TR/webarch/"
✅,2004,"http://www.acronymfinder.com/"
✅,2004,"http://www.bellaonline.com/subjects/6568.asp"
❌,2004,"http://sw.nokia.com/uriqa/URIQA.html"
✅,2004,"http://www.sms.ac/"
❌,2004,"http://www.feltcafe.net/ipodcozy"
✅,2004,"http://sourceforge.net/projects/phpicalendar/"
✅,2004,"http://www.campaignmonitor.com/"
❌,2004,"http://www.malcolmadams.com/itunes/scripts/scripts02.php?page=1#playselectednext"
❌,2004,"http://homepage.mac.com/paalb/iPod/iPod2.html"
❌,2004,"http://www.identikalshop.com/index.php"
✅,2004,"http://www.terryburton.co.uk/barcodewriter/index.html"
✅,2004,"http://www.papercdcase.com/"
✅,2004,"http://www.xml.com/pub/a/2004/11/03/itunes.html"
✅,2004,"http://www.ruby-lang.org/en/"
❌,2004,"http://www.dynarch.com/projects/calendar/"
✅,2004,"http://www.kontrapunkt.dk/news/ddprize_typeface_of_the_year_2004"
❌,2004,"http://www.betaversion.org/~stefano/linotype/news/57/"
✅,2004,"http://www.oakland.edu/enp/"
✅,2004,"http://www.ams.org/msnmain/cgd/index.html"
❌,2004,"http://homepage.mac.com/major4/"
❌,2004,"http://www.brownhen.com/todo/"
✅,2004,"http://www.politicalcompass.org/"
❌,2004,"http://homepage1.nifty.com/koshifumi/fdc-02.html"
✅,2004,"http://www.macosxhints.com/article.php?story=20040121135301830"
✅,2004,"http://www.fontifier.com/"
✅,2004,"http://www.myfonts.com/WhatTheFont/"
✅,2004,"http://cyberlaw.stanford.edu/"
✅,2004,"http://www.tlaupp.com/"
✅,2004,"http://www.thejohncleese.com/"
✅,2004,"http://www.1904worldsfairsociety.org/"
✅,2004,"http://www.skype.com/"
✅,2004,"http://cinemastlouis.org/"
✅,2004,"http://www.uwm.edu/~corre/franca/edition2/lingua.2.html"
✅,2004,"http://www.timesonline.co.uk/article/0,,2092-1325184,00.html"
❌,2004,"http://www.webwhirlers.com/colors/index.asp"
✅,2004,"http://www.urbanarchipelago.com/"
✅,2004,"http://rumandmonkey.com/widgets/toys/mormon/index.php"
❌,2004,"http://odin.bio.miami.edu./norse/icetrans.html"
✅,2004,"http://www.icelandic.hi.is/coursetest.php"
❌,2004,"http://nfg.2y.net/system/qrcodegen.php#"
✅,2004,"http://verbix.com/languages/icelandic.shtml"
✅,2004,"http://www.americancollegeofheraldry.org/"
✅,2004,"http://www.heraldryclipart.com/main.html"
✅,2004,"http://www.fleurdelis.com/"
✅,2004,"http://www.freecoatsofarms.com/"
✅,2004,"http://www.heraldica.org/topics/glossary/"
✅,2004,"http://www.behindthename.com/"
✅,2004,"http://www.walks.com/"
❌,2004,"http://www.samkoma.com/mimir/mimir.htm"
✅,2004,"http://www.gov.on.ca/OMAFRA/english/rural/facts/87-012.htm"
✅,2004,"http://www.citizenworks.org/tools/index.php"
✅,2004,"http://www.gutenberg.net/"
✅,2004,"http://www.bartleby.com/"
❌,2004,"http://daytrippermo.com/"
❌,2004,"http://mstl.org/"
❌,2004,"http://lastrss.webdot.cz/"
✅,2004,"http://www.casebook.org/"
✅,2004,"http://www.246.dk/38tricks.html"
✅,2004,"http://coolhaus.de/art-of-controversy/"
❌,2004,"http://www.stlmusic.com/cgi-bin/bandnames/stlmusicnames.pl"
❌,2004,"http://brainoff.com/worldkit/delicious/"
❌,2004,"http://www.allan-online.co.uk/transport/roads/fonts/index.shtml"
✅,2004,"http://rentzsch.com/macosx/fs_usageIntro"
✅,2004,"http://www.blooberry.com/indexdot/css/propindex/all.htm"
✅,2004,"http://10base-t.com/dropcopy.html"
✅,2004,"http://www.enigmarelle.com/sw/BroadbandOptimizer/"
✅,2004,"http://www.websters-online-dictionary.org/definition/Icelandic-english/"
✅,2004,"http://www.ismal.hi.is/"
✅,2004,"http://en.wikipedia.org/wiki/Icelandic_language"
✅,2004,"http://clagnut.com/sandbox/imagefades/"
✅,2004,"http://www.kryogenix.org/days/2004/11/09/annotation"
✅,2004,"http://www.imaputz.com/cssStuff/bigFourVersion.html"
✅,2004,"http://wordnet.princeton.edu/"
✅,2004,"http://stlouis.craigslist.org/"
✅,2004,"http://www.newyorkunderground.org/"
✅,2004,"http://simile.mit.edu/"
✅,2004,"http://www.benmeadowcroft.com/webdev/articles/abbr-vs-acronym.shtml"
✅,2004,"http://www.kryogenix.org/code/browser/sorttable/"
✅,2004,"http://threadless.com/"
✅,2004,"http://kmi.open.ac.uk/projects/hitmaps/"
✅,2004,"http://www.danvine.com/icapture/"
✅,2004,"http://mickeyavenue.com/fonts/disney-fonts.html"
✅,2004,"http://www.456bereastreet.com/archive/200410/bring_on_the_tables/"
✅,2004,"http://www.brownpapertickets.com/"
❌,2004,"http://www.stupidstuff.org/main/piratename.htm"
✅,2004,"http://www.dominoartwork.com/"
✅,2004,"http://www.mozilla.org/contribute/writing/markup#quotations"
✅,2004,"http://www.skyscraperpage.com/"
✅,2004,"http://www.pbs.org/cringely/pulpit/pulpit20040930.html"
✅,2004,"http://www.onlamp.com/pub/a/onlamp/2003/07/03/asterisk.html"
✅,2004,"http://menupages.com/"
✅,2004,"http://docbook.sourceforge.net/"
✅,2004,"http://www.taguri.org/"
✅,2004,"http://www.mocoloco.com/"
✅,2004,"http://www.afullbelly.com/"
✅,2004,"http://www.fotw.net/flags/iso3166.html"
✅,2004,"http://www.ovolab.com/aachoo/"
❌,2004,"http://homepages.ihug.com.au/~dploy/stateless/index.html"
❌,2004,"http://www.kipar.org/society/author/pirates-history/pirate-flags.html"
✅,2004,"http://www.onlinetools.org/articles/unobtrusivejavascript/"
✅,2004,"http://www.urbandictionary.com/"
✅,2004,"http://newyork.craigslist.org/"
✅,2004,"http://www.bustedtees.com/"
❌,2004,"http://www.shopodd.com/"
✅,2004,"http://www.gothamist.com/"
✅,2004,"http://www.ohny.org/"
✅,2004,"http://www.allconsuming.net/"
❌,2004,"http://www.nava.org/Publications/GFBF/"
❌,2004,"http://www.nava.org/city_survey.htm"
❌,2004,"http://www.atom-in-a-box.org/projects/ConverTeX/"
✅,2004,"http://datalibre.com/"
❌,2004,"http://dict.harlanlandes.com/"
✅,2004,"http://www.wsu.edu/~brians/errors/errors.html"
✅,2004,"http://www.creatimation.net/extra/photopalette/process.php"
✅,2004,"http://www.upcdatabase.com/item.pl"
✅,2004,"http://historic-cities.huji.ac.il/search_a_z.html"
✅,2004,"http://www.yankeepotroast.org/"
✅,2004,"http://www.rdfdata.org/"
✅,2004,"http://hook.org/anselm/essays/20040915.htm"
✅,2004,"http://www.tiddlywiki.com/"
✅,2004,"http://www.asterisk.org/"
✅,2004,"http://www.deepprose.com/"
✅,2004,"http://www.telecable.es/personales/alberto9/color/index.htm"
✅,2004,"http://www.kleptones.com/"
✅,2004,"http://www.robinsonhouse.com/2004/09/14/rss-and-delta-encoding/"
✅,2004,"http://www.faqs.org/rfcs/rfc3229.html"
✅,2004,"http://www.fckeditor.net/"
❌,2004,"http://color.twysted.net/"
❌,2004,"http://css.geckotribe.com/colorwheel/"
✅,2004,"http://alltasks.net/code/php_coding_standard.html"
❌,2004,"http://diaries.suchisthis.com/jwagman1/?cmd=view_entry&eid=23"
✅,2004,"http://www.1001fonts.com/"
✅,2004,"http://www.paranoidfish.org/projects/webkit2png/"
✅,2004,"http://people.w3.org/~dom/"
✅,2004,"http://www.w3.org/TR/grddl/"
✅,2004,"http://www.ukoln.ac.uk/metadata/resources/dc/datamodel/WD-dc-rdf/"
✅,2004,"http://www.etymonline.com/"
❌,2004,"http://halflife.ukrpack.net/csfiles/help/colors.shtml"
❌,2004,"http://www.semanticplanet.com/2003/05/parsingFOAFWithPHP.html"
✅,2004,"http://www.osafoundation.org/"
✅,2004,"http://icelandic.hi.is/"
✅,2004,"http://ismal.hi.is/ob/index.en.html"
✅,2004,"http://www.edfringe.com/"
✅,2004,"http://www.edinburgh.org/"
✅,2004,"http://patrick.net/"
✅,2004,"http://www.dict.org/bin/Dict"
✅,2004,"http://www.ilrt.bristol.ac.uk/discovery/rdf/resources/"
✅,2004,"http://www.college-of-arms.gov.uk/"
❌,2004,"http://www.heraldryunlimited.com/guide/dictionary/home_page.htm"
❌,2004,"http://www.dynarch.com/mishoo/charmap/"
✅,2004,"http://www.xml.com/lpt/a/2004/09/01/tr.html"
✅,2004,"http://www.xml.com/lpt/a/2004/08/11/rest.html"
✅,2004,"http://ion.gluch.org.mx/files/Hacks/gallina/"
✅,2004,"http://www.isi.edu/webscripter/"
✅,2004,"http://xml.coverpages.org/DAML-ontologies20001125.html"
✅,2004,"http://www.wellstyled.com/tools/colorscheme2/index-en.html"
✅,2004,"http://www.tonlist.is/"
✅,2004,"http://www.visitreykjavik.is/"
✅,2004,"http://www.landmannalaugar.info/"
✅,2004,"http://www.icelandculture.com/"
✅,2004,"http://goiceland.org/"
✅,2004,"http://icelandreview.com/"
✅,2004,"http://www.iceland.org/"
✅,2004,"http://sourceforge.net/project/showfiles.php?group_id=21935"
✅,2004,"http://xml.openoffice.org/xmerge/docbook/"
✅,2004,"http://docbook.org/"
✅,2004,"http://www.oreilly.com/catalog/docbook/chapter/book/docbook.html"
✅,2004,"http://www.bbc.co.uk/radio4/comedy/ross_global.shtml"
✅,2004,"http://philip.greenspun.com/seia/"
✅,2004,"http://www.pixy.cz/apps/barvy/index-en.html"
✅,2004,"http://developer.apple.com/internet/webcontent/dom2i.html"
❌,2004,"http://www.webwhirlers.com/colors/wheel.asp"
✅,2004,"http://www.upcoming.org/"
✅,2004,"http://www.ilrt.bris.ac.uk/discovery/rdf-dev/purls/papers/sitemap/"
✅,2004,"http://www.w3.org/RDF/Validator/"
✅,2004,"http://www.w3.org/2000/10/swap/"
✅,2004,"http://www.w3.org/TR/vcard-rdf"
✅,2004,"http://www.w3.org/2002/12/cal/"
✅,2004,"http://ocw.mit.edu/OcwWeb/index.htm"
✅,2004,"http://www.visibone.com/"
✅,2004,"http://kanzaki.com/test/exif2rdf"
✅,2004,"http://www.meyerweb.com/eric/tools/color-blend/"
✅,2004,"http://space-invaders.com/"
✅,2004,"http://www.innerjoin.org/iCalendar/index.html"
✅,2004,"http://www.raditha.com/php/"
✅,2004,"http://www.mcsweeneys.net/links/lists/"
✅,2004,"http://www.w3.org/International/questions/qa-forms-utf-8.html"
✅,2004,"http://www.headstar.com/ten/"
✅,2004,"http://www.alanwood.net/unicode/"
✅,2004,"http://nwalsh.com/"
✅,2004,"http://www.ficml.org/jemimap/style/color/wheel.html"
✅,2004,"http://www.ltg.ed.ac.uk/~richard/utf-8.cgi"
✅,2004,"http://www.re.be/css2xslfo/"
❌,2004,"http://www.howtofoldashirt.net/"
✅,2004,"http://www.sitepoint.com/print/1273"
✅,2004,"http://www.halfbakery.com/"
❌,2004,"http://actor.loquendo.com/actordemo/default.asp"
❌,2004,"http://www.tpc.int/faxbyemail.html"
❌,2004,"http://view.samurajdata.se/"
✅,2004,"http://spellcheck.net/"
✅,2004,"http://dodgeit.com/"
✅,2004,"http://www.izhuk.com/painter/"
❌,2004,"http://www.naturalvoices.att.com/demos/"
✅,2004,"http://search.cpan.org/src/AREGGIORI/RDFStore-0.50/doc/SWADe-rdfstore.html"
❌,2004,"http://www.thefilmmovement.com/"
✅,2004,"http://www.smalltime.com/dictator.html"
✅,2004,"http://interconnected.org/home/more/davinci/"
❌,2004,"http://gates.comm.virginia.edu/rlc3w/sna.htm"
✅,2004,"http://www.ntk.net/"
